LMSD Examples,Input Mass
/resources/tools/chemdb_ontology?abbrev=SPB 18:1;O3,314.27028
/resources/tools/chemdb_ontology?abbrev=FA 24:1;O,417.31403
/resources/tools/chemdb_ontology?abbrev=LPA 18:1,435.25197
/resources/tools/chemdb_ontology?abbrev=ST 27:2;O7,479.30160
/resources/tools/chemdb_ontology?abbrev=ST 26:2;O5,479.30160
/resources/tools/chemdb_ontology?abbrev=ST 25:2;O5,479.30160
/resources/tools/chemdb_ontology?abbrev=LPA O-16:0,395.25701
/resources/tools/chemdb_ontology?abbrev=LPA 18:0,437.26743
/resources/tools/chemdb_ontology?abbrev=WE 22:1;O4,437.26743
/resources/tools/chemdb_ontology?abbrev=FA 24:1;O2,397.33206
/resources/tools/chemdb_ontology?abbrev=FA 23:1,397.33206
/resources/tools/chemdb_ontology?abbrev=SFE 23:1,397.33206
/resources/tools/chemdb_ontology?abbrev=WE 23:1,397.33206
/resources/tools/chemdb_ontology?abbrev=FA 22:1,397.33206
/resources/tools/chemdb_ontology?abbrev=SFE 22:1,397.33206
/resources/tools/chemdb_ontology?abbrev=WE 22:1,397.33206
/resources/tools/chemdb_ontology?abbrev=SPB 19:2;O2,356.28074
/resources/tools/chemdb_ontology?abbrev=NAE 16:1,356.28074
/resources/tools/chemdb_ontology?abbrev=SPB 18:2;O2,356.28074
/resources/tools/chemdb_ontology?abbrev=SPB 19:3;O2,354.26502
/resources/tools/chemdb_ontology?abbrev=SPB 18:3;O2,354.26502
/resources/tools/chemdb_ontology?abbrev=FA 24:5,393.25661
/resources/tools/chemdb_ontology?abbrev=ST 24:2;O2,393.25661
/resources/tools/chemdb_ontology?abbrev=Cer 20:1;O2,340.28565
/resources/tools/chemdb_ontology?abbrev=FA 14:0;O,243.19641
/resources/tools/chemdb_ontology?abbrev=FA 26:6,383.29574
/resources/tools/chemdb_ontology?abbrev=LPA 18:2,433.23616
/resources/tools/chemdb_ontology?abbrev=FA 19:1,295.26428
/resources/tools/chemdb_ontology?abbrev=SFE 19:1,295.26428
/resources/tools/chemdb_ontology?abbrev=WE 19:1,295.26428
/resources/tools/chemdb_ontology?abbrev=TG 54:1,295.26428
/resources/tools/chemdb_ontology?abbrev=FA 21:5,315.23310
/resources/tools/chemdb_ontology?abbrev=ST 21:2;O2,315.23310
/resources/tools/chemdb_ontology?abbrev=FA 20:1;O2,341.26987
/resources/tools/chemdb_ontology?abbrev=FA 19:1,341.26987
/resources/tools/chemdb_ontology?abbrev=SFE 19:1,341.26987
/resources/tools/chemdb_ontology?abbrev=WE 19:1,341.26987
/resources/tools/chemdb_ontology?abbrev=FA 18:1,341.26987
/resources/tools/chemdb_ontology?abbrev=SFE 18:1,341.26987
/resources/tools/chemdb_ontology?abbrev=FA 19:5,287.20173
/resources/tools/chemdb_ontology?abbrev=ST 19:2;O2,287.20173
/resources/tools/chemdb_ontology?abbrev=SPB 18:0;O2,360.31215
/resources/tools/chemdb_ontology?abbrev=FA 24:4,359.29572
/resources/tools/chemdb_ontology?abbrev=ST 24:1;O2,359.29572
/resources/tools/chemdb_ontology?abbrev=FA 16:2,287.17817
/resources/tools/chemdb_ontology?abbrev=SFE 16:2,287.17817
/resources/tools/chemdb_ontology?abbrev=WE 16:2,287.17817
/resources/tools/chemdb_ontology?abbrev=MG 18:0,393.27812
/resources/tools/chemdb_ontology?abbrev=MG O-18:1;O,393.27812
/resources/tools/chemdb_ontology?abbrev=FA 22:6,327.23323
/resources/tools/chemdb_ontology?abbrev=FA 20:1;O,325.27482
/resources/tools/chemdb_ontology?abbrev=TG 37:0,325.27482
/resources/tools/chemdb_ontology?abbrev=FA 15:0,241.21700
/resources/tools/chemdb_ontology?abbrev=SFE 15:0,241.21700
/resources/tools/chemdb_ontology?abbrev=WE 15:0,241.21700
/resources/tools/chemdb_ontology?abbrev=FA 14:0;O,243.19638
/resources/tools/chemdb_ontology?abbrev=FA 15:1,239.20137
/resources/tools/chemdb_ontology?abbrev=SFE 15:1,239.20137
/resources/tools/chemdb_ontology?abbrev=WE 15:1,239.20137
/resources/tools/chemdb_ontology?abbrev=FA 22:5;O2,361.23887
/resources/tools/chemdb_ontology?abbrev=FA 21:5,361.23887
/resources/tools/chemdb_ontology?abbrev=ST 21:2;O2,361.23887
/resources/tools/chemdb_ontology?abbrev=FA 20:5,361.23887
/resources/tools/chemdb_ontology?abbrev=ST 20:2;O2,361.23887
/resources/tools/chemdb_ontology?abbrev=FA 20:4;O2,335.22297
/resources/tools/chemdb_ontology?abbrev=FA 19:4,335.22297
/resources/tools/chemdb_ontology?abbrev=ST 19:1;O2,335.22297
/resources/tools/chemdb_ontology?abbrev=FA 18:4,335.22297
/resources/tools/chemdb_ontology?abbrev=ST 18:1;O2,335.22297
/resources/tools/chemdb_ontology?abbrev=ST 24:3;O3,431.28019
/resources/tools/chemdb_ontology?abbrev=CAR 20:2,450.35915
/resources/tools/chemdb_ontology?abbrev=FA 18:2;O,295.22815
/resources/tools/chemdb_ontology?abbrev=FA 12:3,239.12865
/resources/tools/chemdb_ontology?abbrev=FA 11:3,239.12865
/resources/tools/chemdb_ontology?abbrev=SFE 11:3,239.12865
/resources/tools/chemdb_ontology?abbrev=FA 18:2;O2,311.22296
/resources/tools/chemdb_ontology?abbrev=FA 17:2,311.22296
/resources/tools/chemdb_ontology?abbrev=SFE 17:2,311.22296
/resources/tools/chemdb_ontology?abbrev=WE 17:2,311.22296
/resources/tools/chemdb_ontology?abbrev=FA 16:2,311.22296
/resources/tools/chemdb_ontology?abbrev=SFE 16:2,311.22296
/resources/tools/chemdb_ontology?abbrev=WE 16:2,311.22296
/resources/tools/chemdb_ontology?abbrev=FA 18:3;O,329.18906
/resources/tools/chemdb_ontology?abbrev=FA 20:5,337.19383
/resources/tools/chemdb_ontology?abbrev=ST 20:2;O2,337.19383
/resources/tools/chemdb_ontology?abbrev=FA 18:2;O2,311.22302
/resources/tools/chemdb_ontology?abbrev=FA 17:2,311.22302
/resources/tools/chemdb_ontology?abbrev=SFE 17:2,311.22302
/resources/tools/chemdb_ontology?abbrev=WE 17:2,311.22302
/resources/tools/chemdb_ontology?abbrev=FA 16:2,311.22302
/resources/tools/chemdb_ontology?abbrev=SFE 16:2,311.22302
/resources/tools/chemdb_ontology?abbrev=WE 16:2,311.22302
/resources/tools/chemdb_ontology?abbrev=FA 16:4,247.17011
/resources/tools/chemdb_ontology?abbrev=SFE 16:4,247.17011
/resources/tools/chemdb_ontology?abbrev=FA 18:1;O,297.24383
/resources/tools/chemdb_ontology?abbrev=FA 16:3,249.18586
/resources/tools/chemdb_ontology?abbrev=SFE 16:3,249.18586
/resources/tools/chemdb_ontology?abbrev=WE 16:3,249.18586
/resources/tools/chemdb_ontology?abbrev=FA 32:6;O2,249.18586
/resources/tools/chemdb_ontology?abbrev=CAR 18:2,422.32783
/resources/tools/chemdb_ontology?abbrev=PA O-28:0,577.42416
/resources/tools/chemdb_ontology?abbrev=ST 21:4;O4,343.19143
/resources/tools/chemdb_ontology?abbrev=ST 20:4;O2,343.19143
/resources/tools/chemdb_ontology?abbrev=FA 22:5;O2,361.23866
/resources/tools/chemdb_ontology?abbrev=FA 21:5,361.23866
/resources/tools/chemdb_ontology?abbrev=ST 21:2;O2,361.23866
/resources/tools/chemdb_ontology?abbrev=FA 20:5,361.23866
/resources/tools/chemdb_ontology?abbrev=ST 20:2;O2,361.23866
/resources/tools/chemdb_ontology?abbrev=FA 15:1;O,255.19660
/resources/tools/chemdb_ontology?abbrev=FA 20:3;O2,337.23864
/resources/tools/chemdb_ontology?abbrev=FA 19:3,337.23864
/resources/tools/chemdb_ontology?abbrev=SFE 19:3,337.23864
/resources/tools/chemdb_ontology?abbrev=ST 19:0;O2,337.23864
/resources/tools/chemdb_ontology?abbrev=FA 18:3,337.23864
/resources/tools/chemdb_ontology?abbrev=SFE 18:3,337.23864
/resources/tools/chemdb_ontology?abbrev=ST 18:0;O2,337.23864
/resources/tools/chemdb_ontology?abbrev=FA 22:4;O,347.25908
/resources/tools/chemdb_ontology?abbrev=ST 22:1;O3,347.25908
/resources/tools/chemdb_ontology?abbrev=ST 21:1;O,347.25908
/resources/tools/chemdb_ontology?abbrev=FA 18:4;O,291.19675
/resources/tools/chemdb_ontology?abbrev=FA 18:0;O2,315.25406
/resources/tools/chemdb_ontology?abbrev=MG O-15:1;O,315.25406
/resources/tools/chemdb_ontology?abbrev=FA 17:0,315.25406
/resources/tools/chemdb_ontology?abbrev=SFE 17:0,315.25406
/resources/tools/chemdb_ontology?abbrev=WE 17:0,315.25406
/resources/tools/chemdb_ontology?abbrev=FA 16:0,315.25406
/resources/tools/chemdb_ontology?abbrev=SFE 16:0,315.25406
/resources/tools/chemdb_ontology?abbrev=WE 16:0,315.25406
/resources/tools/chemdb_ontology?abbrev=FA 18:2;O,331.20487
/resources/tools/chemdb_ontology?abbrev=FA 20:4;O,319.22804
/resources/tools/chemdb_ontology?abbrev=ST 19:1;O,319.22804
/resources/tools/chemdb_ontology?abbrev=FA 20:4;O,355.20501
/resources/tools/chemdb_ontology?abbrev=FA 18:1;O2,313.23881
/resources/tools/chemdb_ontology?abbrev=FA 17:1,313.23881
/resources/tools/chemdb_ontology?abbrev=SFE 17:1,313.23881
/resources/tools/chemdb_ontology?abbrev=FA 16:1,313.23881
/resources/tools/chemdb_ontology?abbrev=SFE 16:1,313.23881
/resources/tools/chemdb_ontology?abbrev=WE 16:1,313.23881
/resources/tools/chemdb_ontology?abbrev=FA 14:0;O,243.19631
/resources/tools/chemdb_ontology?abbrev=FA 22:4;O,347.25939
/resources/tools/chemdb_ontology?abbrev=ST 22:1;O3,347.25939
/resources/tools/chemdb_ontology?abbrev=ST 21:1;O,347.25939
/resources/tools/chemdb_ontology?abbrev=FA 18:7,329.17615
/resources/tools/chemdb_ontology?abbrev=ST 18:4;O2,329.17615
/resources/tools/chemdb_ontology?abbrev=FA 22:6;O,379.20483
/resources/tools/chemdb_ontology?abbrev=ST 22:3;O3,379.20483
/resources/tools/chemdb_ontology?abbrev=FA 21:3;O2,411.27550
/resources/tools/chemdb_ontology?abbrev=FA 12:3,253.14446
/resources/tools/chemdb_ontology?abbrev=FA 15:2,237.18577
/resources/tools/chemdb_ontology?abbrev=SFE 15:2,237.18577
/resources/tools/chemdb_ontology?abbrev=WE 15:2,237.18577
/resources/tools/chemdb_ontology?abbrev=FA 16:4,293.17594
/resources/tools/chemdb_ontology?abbrev=SFE 16:4,293.17594
/resources/tools/chemdb_ontology?abbrev=FA 15:4,293.17594
/resources/tools/chemdb_ontology?abbrev=WE 15:4,293.17594
/resources/tools/chemdb_ontology?abbrev=ST 28:3;O2;GlcA,293.17594
/resources/tools/chemdb_ontology?abbrev=NAE 20:4;O,362.27016
/resources/tools/chemdb_ontology?abbrev=ST 24:1;O4,437.29083
/resources/tools/chemdb_ontology?abbrev=FA 23:4;O2,437.29083
/resources/tools/chemdb_ontology?abbrev=FOH 23:5;O3,437.29083
/resources/tools/chemdb_ontology?abbrev=MG 20:4,437.29083
/resources/tools/chemdb_ontology?abbrev=ST 23:1;O4,437.29083
/resources/tools/chemdb_ontology?abbrev=FA 18:3;O2,309.20727
/resources/tools/chemdb_ontology?abbrev=FA 17:3,309.20727
/resources/tools/chemdb_ontology?abbrev=SFE 17:3,309.20727
/resources/tools/chemdb_ontology?abbrev=FA 16:3,309.20727
/resources/tools/chemdb_ontology?abbrev=SFE 16:3,309.20727
/resources/tools/chemdb_ontology?abbrev=WE 16:3,309.20727
/resources/tools/chemdb_ontology?abbrev=FA 19:4,289.21734
/resources/tools/chemdb_ontology?abbrev=ST 19:1;O2,289.21734
/resources/tools/chemdb_ontology?abbrev=TG 54:10,289.21734
/resources/tools/chemdb_ontology?abbrev=ST 27:3;O6,461.29116
/resources/tools/chemdb_ontology?abbrev=MG 22:6,461.29116
/resources/tools/chemdb_ontology?abbrev=ST 26:3;O3,461.29116
/resources/tools/chemdb_ontology?abbrev=FA 22:4;O,383.23625
/resources/tools/chemdb_ontology?abbrev=ST 22:1;O3,383.23625
/resources/tools/chemdb_ontology?abbrev=LPA 16:0,409.23628
/resources/tools/chemdb_ontology?abbrev=PA 42:9,255.82212
/resources/tools/chemdb_ontology?abbrev=ST 23:3;O6,405.22828
/resources/tools/chemdb_ontology?abbrev=FA 22:6;O2,405.22828
/resources/tools/chemdb_ontology?abbrev=ST 21:3;O4,405.22828
/resources/tools/chemdb_ontology?abbrev=FA 22:6;O2,395.19904
/resources/tools/chemdb_ontology?abbrev=FA 18:4,275.20161
/resources/tools/chemdb_ontology?abbrev=ST 18:1;O2,275.20161
/resources/tools/chemdb_ontology?abbrev=FA 22:5;O,345.24372
/resources/tools/chemdb_ontology?abbrev=ST 21:2;O,345.24372
/resources/tools/chemdb_ontology?abbrev=ST 20:2;O,345.24372
/resources/tools/chemdb_ontology?abbrev=FA 22:5;O2,397.21472
/resources/tools/chemdb_ontology?abbrev=ST 25:2;O4,449.29097
/resources/tools/chemdb_ontology?abbrev=ST 24:2;O4,449.29097
/resources/tools/chemdb_ontology?abbrev=FA 20:3;O2,337.23866
/resources/tools/chemdb_ontology?abbrev=FA 19:3,337.23866
/resources/tools/chemdb_ontology?abbrev=SFE 19:3,337.23866
/resources/tools/chemdb_ontology?abbrev=ST 19:0;O2,337.23866
/resources/tools/chemdb_ontology?abbrev=FA 18:3,337.23866
/resources/tools/chemdb_ontology?abbrev=SFE 18:3,337.23866
/resources/tools/chemdb_ontology?abbrev=ST 18:0;O2,337.23866
/resources/tools/chemdb_ontology?abbrev=FA 22:6;O,379.20452
/resources/tools/chemdb_ontology?abbrev=ST 22:3;O3,379.20452
/resources/tools/chemdb_ontology?abbrev=FA 18:1;O2,313.23858
/resources/tools/chemdb_ontology?abbrev=FA 17:1,313.23858
/resources/tools/chemdb_ontology?abbrev=SFE 17:1,313.23858
/resources/tools/chemdb_ontology?abbrev=FA 16:1,313.23858
/resources/tools/chemdb_ontology?abbrev=SFE 16:1,313.23858
/resources/tools/chemdb_ontology?abbrev=WE 16:1,313.23858
/resources/tools/chemdb_ontology?abbrev=FA 18:0;O,299.25914
/resources/tools/chemdb_ontology?abbrev=FA 14:2;O,239.16486
/resources/tools/chemdb_ontology?abbrev=FA 16:1;O,305.18896
/resources/tools/chemdb_ontology?abbrev=FA 20:1;O,325.27514
/resources/tools/chemdb_ontology?abbrev=FA 15:0;O,257.21218
/resources/tools/chemdb_ontology?abbrev=LPS O-18:1,508.30461
/resources/tools/chemdb_ontology?abbrev=PA O-28:0,577.42413
/resources/tools/chemdb_ontology?abbrev=FA 20:4;O,319.22792
/resources/tools/chemdb_ontology?abbrev=ST 19:1;O,319.22792
/resources/tools/chemdb_ontology?abbrev=FA 18:1;O2,313.23871
/resources/tools/chemdb_ontology?abbrev=FA 17:1,313.23871
/resources/tools/chemdb_ontology?abbrev=SFE 17:1,313.23871
/resources/tools/chemdb_ontology?abbrev=FA 16:1,313.23871
/resources/tools/chemdb_ontology?abbrev=SFE 16:1,313.23871
/resources/tools/chemdb_ontology?abbrev=WE 16:1,313.23871
/resources/tools/chemdb_ontology?abbrev=ST 24:3;O5,403.24915
/resources/tools/chemdb_ontology?abbrev=FA 22:6;O,403.24915
/resources/tools/chemdb_ontology?abbrev=ST 22:3;O3,403.24915
/resources/tools/chemdb_ontology?abbrev=ST 25:2;O5,465.28557
/resources/tools/chemdb_ontology?abbrev=ST 24:2;O5,465.28557
/resources/tools/chemdb_ontology?abbrev=FA 14:2,223.16989
/resources/tools/chemdb_ontology?abbrev=SFE 14:2,223.16989
/resources/tools/chemdb_ontology?abbrev=WE 14:2,223.16989
/resources/tools/chemdb_ontology?abbrev=FA 22:4;O,347.25938
/resources/tools/chemdb_ontology?abbrev=ST 22:1;O3,347.25938
/resources/tools/chemdb_ontology?abbrev=ST 21:1;O,347.25938
/resources/tools/chemdb_ontology?abbrev=FA 20:6,299.20166
/resources/tools/chemdb_ontology?abbrev=ST 20:3;O2,299.20166
/resources/tools/chemdb_ontology?abbrev=FA 21:4;O2,349.23824
/resources/tools/chemdb_ontology?abbrev=ST 21:1;O4,349.23824
/resources/tools/chemdb_ontology?abbrev=FA 20:4,349.23824
/resources/tools/chemdb_ontology?abbrev=ST 20:1;O2,349.23824
/resources/tools/chemdb_ontology?abbrev=FA 19:4,349.23824
/resources/tools/chemdb_ontology?abbrev=ST 19:1;O2,349.23824
/resources/tools/chemdb_ontology?abbrev=FA 15:2,283.19157
/resources/tools/chemdb_ontology?abbrev=SFE 15:2,283.19157
/resources/tools/chemdb_ontology?abbrev=WE 15:2,283.19157
/resources/tools/chemdb_ontology?abbrev=FA 14:2,283.19157
/resources/tools/chemdb_ontology?abbrev=SFE 14:2,283.19157
/resources/tools/chemdb_ontology?abbrev=WE 14:2,283.19157
/resources/tools/chemdb_ontology?abbrev=FA 18:1,281.24893
/resources/tools/chemdb_ontology?abbrev=SFE 18:1,281.24893
/resources/tools/chemdb_ontology?abbrev=ST 24:1;O4,437.29106
/resources/tools/chemdb_ontology?abbrev=FA 23:4;O2,437.29106
/resources/tools/chemdb_ontology?abbrev=FOH 23:5;O3,437.29106
/resources/tools/chemdb_ontology?abbrev=MG 20:4,437.29106
/resources/tools/chemdb_ontology?abbrev=ST 23:1;O4,437.29106
/resources/tools/chemdb_ontology?abbrev=FA 26:6;O4,447.27524
/resources/tools/chemdb_ontology?abbrev=MG 22:6,447.27524
/resources/tools/chemdb_ontology?abbrev=ST 26:3;O3,447.27524
/resources/tools/chemdb_ontology?abbrev=ST 24:3;O4,447.27524
/resources/tools/chemdb_ontology?abbrev=FA 15:2,283.19179
/resources/tools/chemdb_ontology?abbrev=SFE 15:2,283.19179
/resources/tools/chemdb_ontology?abbrev=WE 15:2,283.19179
/resources/tools/chemdb_ontology?abbrev=FA 14:2,283.19179
/resources/tools/chemdb_ontology?abbrev=SFE 14:2,283.19179
/resources/tools/chemdb_ontology?abbrev=WE 14:2,283.19179
/resources/tools/chemdb_ontology?abbrev=ST 21:3;O5,361.20222
/resources/tools/chemdb_ontology?abbrev=FA 20:6;O,361.20222
/resources/tools/chemdb_ontology?abbrev=ST 20:3;O3,361.20222
/resources/tools/chemdb_ontology?abbrev=ST 19:3;O3,361.20222
/resources/tools/chemdb_ontology?abbrev=FA 15:4,233.15446
/resources/tools/chemdb_ontology?abbrev=WE 15:4,233.15446
/resources/tools/chemdb_ontology?abbrev=FA 15:5,277.14455
/resources/tools/chemdb_ontology?abbrev=WE 15:5,277.14455
/resources/tools/chemdb_ontology?abbrev=FA 14:5,277.14455
/resources/tools/chemdb_ontology?abbrev=ST 32:7;O8,277.14455
/resources/tools/chemdb_ontology?abbrev=ST 27:2;O6,509.31210
/resources/tools/chemdb_ontology?abbrev=ST 28:1;O6,509.31210
/resources/tools/chemdb_ontology?abbrev=MG 16:0,365.24634
/resources/tools/chemdb_ontology?abbrev=MG O-16:1;O,365.24634
/resources/tools/chemdb_ontology?abbrev=FA 20:4;O2,335.22313
/resources/tools/chemdb_ontology?abbrev=FA 19:4,335.22313
/resources/tools/chemdb_ontology?abbrev=ST 19:1;O2,335.22313
/resources/tools/chemdb_ontology?abbrev=FA 18:4,335.22313
/resources/tools/chemdb_ontology?abbrev=ST 18:1;O2,335.22313
/resources/tools/chemdb_ontology?abbrev=ST 18:4;O2;GlcA,445.18659
/resources/tools/chemdb_ontology?abbrev=FA 15:0,241.21708
/resources/tools/chemdb_ontology?abbrev=SFE 15:0,241.21708
/resources/tools/chemdb_ontology?abbrev=WE 15:0,241.21708
/resources/tools/chemdb_ontology?abbrev=FA 30:0;O2,241.21708
/resources/tools/chemdb_ontology?abbrev=ST 24:1;O4,391.28567
/resources/tools/chemdb_ontology?abbrev=FA 23:4,391.28567
/resources/tools/chemdb_ontology?abbrev=ST 23:1;O2,391.28567
/resources/tools/chemdb_ontology?abbrev=FA 22:4,391.28567
/resources/tools/chemdb_ontology?abbrev=SFE 22:4,391.28567
/resources/tools/chemdb_ontology?abbrev=FA 20:4;O4,367.21244
/resources/tools/chemdb_ontology?abbrev=ST 19:1;O4,367.21244
/resources/tools/chemdb_ontology?abbrev=FA 18:4;O2,367.21244
/resources/tools/chemdb_ontology?abbrev=FA 18:2;O,295.22782
/resources/tools/chemdb_ontology?abbrev=FA 14:1;O2,257.17582
/resources/tools/chemdb_ontology?abbrev=FA 13:1,257.17582
/resources/tools/chemdb_ontology?abbrev=SFE 13:1,257.17582
/resources/tools/chemdb_ontology?abbrev=FA 12:1,257.17582
/resources/tools/chemdb_ontology?abbrev=SFE 12:1,257.17582
/resources/tools/chemdb_ontology?abbrev=WE 12:1,257.17582
/resources/tools/chemdb_ontology?abbrev=FA 14:0,227.20137
/resources/tools/chemdb_ontology?abbrev=SFE 14:0,227.20137
/resources/tools/chemdb_ontology?abbrev=WE 14:0,227.20137
/resources/tools/chemdb_ontology?abbrev=FA 20:3;O2,337.23874
/resources/tools/chemdb_ontology?abbrev=FA 19:3,337.23874
/resources/tools/chemdb_ontology?abbrev=SFE 19:3,337.23874
/resources/tools/chemdb_ontology?abbrev=ST 19:0;O2,337.23874
/resources/tools/chemdb_ontology?abbrev=FA 18:3,337.23874
/resources/tools/chemdb_ontology?abbrev=SFE 18:3,337.23874
/resources/tools/chemdb_ontology?abbrev=ST 18:0;O2,337.23874
/resources/tools/chemdb_ontology?abbrev=FA 22:4;O2,363.25445
/resources/tools/chemdb_ontology?abbrev=ST 22:1;O4,363.25445
/resources/tools/chemdb_ontology?abbrev=FA 21:4,363.25445
/resources/tools/chemdb_ontology?abbrev=ST 21:1;O2,363.25445
/resources/tools/chemdb_ontology?abbrev=FA 20:4,363.25445
/resources/tools/chemdb_ontology?abbrev=ST 20:1;O2,363.25445
/resources/tools/chemdb_ontology?abbrev=FA 17:4;O,277.18088
/resources/tools/chemdb_ontology?abbrev=FA 16:1;O,269.21234
/resources/tools/chemdb_ontology?abbrev=FA 12:1;O,213.14914
/resources/tools/chemdb_ontology?abbrev=FA 20:5;O3,349.20225
/resources/tools/chemdb_ontology?abbrev=ST 19:2;O3,349.20225
/resources/tools/chemdb_ontology?abbrev=FA 18:5;O,349.20225
/resources/tools/chemdb_ontology?abbrev=ST 20:4;O2,297.18609
/resources/tools/chemdb_ontology?abbrev=FA 22:5;O2,397.21490
/resources/tools/chemdb_ontology?abbrev=SPB 18:0;O3,376.30701
/resources/tools/chemdb_ontology?abbrev=FA 20:7;O,313.18108
/resources/tools/chemdb_ontology?abbrev=LPA 22:6,481.23625
/resources/tools/chemdb_ontology?abbrev=FA 20:2;O2,339.25435
/resources/tools/chemdb_ontology?abbrev=FOH 20:2;O3,339.25435
/resources/tools/chemdb_ontology?abbrev=FA 19:2,339.25435
/resources/tools/chemdb_ontology?abbrev=WE 19:2,339.25435
/resources/tools/chemdb_ontology?abbrev=FA 18:2,339.25435
/resources/tools/chemdb_ontology?abbrev=SFE 18:2,339.25435
/resources/tools/chemdb_ontology?abbrev=WE 18:2,339.25435
/resources/tools/chemdb_ontology?abbrev=MG 20:4;O,393.26510
/resources/tools/chemdb_ontology?abbrev=ST 23:1;O5,393.26510
/resources/tools/chemdb_ontology?abbrev=FA 22:4;O,393.26510
/resources/tools/chemdb_ontology?abbrev=ST 22:1;O3,393.26510
/resources/tools/chemdb_ontology?abbrev=FA 21:4;O,393.26510
/resources/tools/chemdb_ontology?abbrev=ST 21:1;O3,393.26510
/resources/tools/chemdb_ontology?abbrev=FA 19:7;O,299.16541
/resources/tools/chemdb_ontology?abbrev=ST 19:4;O3,299.16541
/resources/tools/chemdb_ontology?abbrev=FA 17:7;O,299.16541
/resources/tools/chemdb_ontology?abbrev=FA 15:5,277.14458
/resources/tools/chemdb_ontology?abbrev=WE 15:5,277.14458
/resources/tools/chemdb_ontology?abbrev=FA 14:5,277.14458
/resources/tools/chemdb_ontology?abbrev=ST 32:7;O8,277.14458
/resources/tools/chemdb_ontology?abbrev=ST 24:2;O4,389.27009
/resources/tools/chemdb_ontology?abbrev=FA 23:5,389.27009
/resources/tools/chemdb_ontology?abbrev=ST 23:2;O2,389.27009
/resources/tools/chemdb_ontology?abbrev=FA 22:5,389.27009
/resources/tools/chemdb_ontology?abbrev=SFE 22:5,389.27009
/resources/tools/chemdb_ontology?abbrev=FA 16:1;O,269.21225
/resources/tools/chemdb_ontology?abbrev=FA 18:0,283.26458
/resources/tools/chemdb_ontology?abbrev=SFE 18:0,283.26458
/resources/tools/chemdb_ontology?abbrev=WE 18:0,283.26458
/resources/tools/chemdb_ontology?abbrev=FA 14:3,221.15429
/resources/tools/chemdb_ontology?abbrev=SFE 14:3,221.15429
/resources/tools/chemdb_ontology?abbrev=FA 18:7,329.17613
/resources/tools/chemdb_ontology?abbrev=ST 18:4;O2,329.17613
/resources/tools/chemdb_ontology?abbrev=SPB 18:1;O3,314.27041
/resources/tools/chemdb_ontology?abbrev=FA 19:2,293.24879
/resources/tools/chemdb_ontology?abbrev=WE 19:2,293.24879
/resources/tools/chemdb_ontology?abbrev=FAHFA 38:3;O,293.24879
/resources/tools/chemdb_ontology?abbrev=NAE 17:0,358.29641
/resources/tools/chemdb_ontology?abbrev=NAE 16:0,358.29641
/resources/tools/chemdb_ontology?abbrev=SPB 18:1;O2,358.29641
/resources/tools/chemdb_ontology?abbrev=FA 14:1;O2,257.17588
/resources/tools/chemdb_ontology?abbrev=FA 13:1,257.17588
/resources/tools/chemdb_ontology?abbrev=SFE 13:1,257.17588
/resources/tools/chemdb_ontology?abbrev=FA 12:1,257.17588
/resources/tools/chemdb_ontology?abbrev=SFE 12:1,257.17588
/resources/tools/chemdb_ontology?abbrev=WE 12:1,257.17588
/resources/tools/chemdb_ontology?abbrev=FA 26:6;O4,447.27546
/resources/tools/chemdb_ontology?abbrev=MG 22:6,447.27546
/resources/tools/chemdb_ontology?abbrev=ST 26:3;O3,447.27546
/resources/tools/chemdb_ontology?abbrev=ST 24:3;O4,447.27546
/resources/tools/chemdb_ontology?abbrev=LPG O-16:1,467.27817
/resources/tools/chemdb_ontology?abbrev=LPA O-18:1,467.27817
/resources/tools/chemdb_ontology?abbrev=LPA 20:4,457.23629
/resources/tools/chemdb_ontology?abbrev=ST 24:2;O6,457.23629
/resources/tools/chemdb_ontology?abbrev=FA 14:1;O,241.18075
/resources/tools/chemdb_ontology?abbrev=FA 16:0,255.23288
/resources/tools/chemdb_ontology?abbrev=SFE 16:0,255.23288
/resources/tools/chemdb_ontology?abbrev=WE 16:0,255.23288
/resources/tools/chemdb_ontology?abbrev=FA 18:2;O,295.22783
/resources/tools/chemdb_ontology?abbrev=FA 21:2;O2,389.24646
/resources/tools/chemdb_ontology?abbrev=MG 18:2,389.24646
/resources/tools/chemdb_ontology?abbrev=FA 20:5;O3,349.20178
/resources/tools/chemdb_ontology?abbrev=ST 19:2;O3,349.20178
/resources/tools/chemdb_ontology?abbrev=FA 18:5;O,349.20178
/resources/tools/chemdb_ontology?abbrev=ST 24:2;O5,405.26467
/resources/tools/chemdb_ontology?abbrev=FA 23:5;O,405.26467
/resources/tools/chemdb_ontology?abbrev=FA 22:5;O,405.26467
/resources/tools/chemdb_ontology?abbrev=FA 16:1;O,269.21227
/resources/tools/chemdb_ontology?abbrev=ST 27:1;O4,433.33225
/resources/tools/chemdb_ontology?abbrev=FA 26:4,433.33225
/resources/tools/chemdb_ontology?abbrev=WE 26:4,433.33225
/resources/tools/chemdb_ontology?abbrev=FA 25:4,433.33225
/resources/tools/chemdb_ontology?abbrev=ST 20:4;O2,297.18607
/resources/tools/chemdb_ontology?abbrev=MG 18:0,393.27797
/resources/tools/chemdb_ontology?abbrev=MG O-18:1;O,393.27797
/resources/tools/chemdb_ontology?abbrev=FA 20:3;O2,337.23859
/resources/tools/chemdb_ontology?abbrev=SFE 19:3,337.23859
/resources/tools/chemdb_ontology?abbrev=FA 19:3,337.23859
/resources/tools/chemdb_ontology?abbrev=ST 19:0;O2,337.23859
/resources/tools/chemdb_ontology?abbrev=FA 18:3,337.23859
/resources/tools/chemdb_ontology?abbrev=SFE 18:3,337.23859
/resources/tools/chemdb_ontology?abbrev=FA 18:3,337.23859
/resources/tools/chemdb_ontology?abbrev=SFE 18:3,337.23859
/resources/tools/chemdb_ontology?abbrev=ST 18:0;O2,337.23859
/resources/tools/chemdb_ontology?abbrev=FA 18:0;O2,315.25409
/resources/tools/chemdb_ontology?abbrev=MG O-15:1;O,315.25409
/resources/tools/chemdb_ontology?abbrev=FA 17:0,315.25409
/resources/tools/chemdb_ontology?abbrev=SFE 17:0,315.25409
/resources/tools/chemdb_ontology?abbrev=WE 17:0,315.25409
/resources/tools/chemdb_ontology?abbrev=FA 16:0,315.25409
/resources/tools/chemdb_ontology?abbrev=SFE 16:0,315.25409
/resources/tools/chemdb_ontology?abbrev=WE 16:0,315.25409
/resources/tools/chemdb_ontology?abbrev=FA 16:3;O,265.18104
/resources/tools/chemdb_ontology?abbrev=FA 20:6;O2,331.19196
/resources/tools/chemdb_ontology?abbrev=FA 19:6,331.19196
/resources/tools/chemdb_ontology?abbrev=ST 19:3;O2,331.19196
/resources/tools/chemdb_ontology?abbrev=WE 19:6,331.19196
/resources/tools/chemdb_ontology?abbrev=FA 18:6,331.19196
/resources/tools/chemdb_ontology?abbrev=ST 18:3;O2,331.19196
/resources/tools/chemdb_ontology?abbrev=FA 20:3;O2,337.23855
/resources/tools/chemdb_ontology?abbrev=FA 19:3,337.23855
/resources/tools/chemdb_ontology?abbrev=SFE 19:3,337.23855
/resources/tools/chemdb_ontology?abbrev=ST 19:0;O2,337.23855
/resources/tools/chemdb_ontology?abbrev=FA 18:3,337.23855
/resources/tools/chemdb_ontology?abbrev=SFE 18:3,337.23855
/resources/tools/chemdb_ontology?abbrev=ST 18:0;O2,337.23855
/resources/tools/chemdb_ontology?abbrev=FA 12:0;O,215.16481
/resources/tools/chemdb_ontology?abbrev=FA 21:5;O2,347.22260
/resources/tools/chemdb_ontology?abbrev=ST 21:2;O4,347.22260
/resources/tools/chemdb_ontology?abbrev=FA 20:5,347.22260
/resources/tools/chemdb_ontology?abbrev=ST 20:2;O2,347.22260
/resources/tools/chemdb_ontology?abbrev=FA 19:5,347.22260
/resources/tools/chemdb_ontology?abbrev=ST 19:2;O2,347.22260
/resources/tools/chemdb_ontology?abbrev=FA 15:1;O2,271.19157
/resources/tools/chemdb_ontology?abbrev=FA 14:1,271.19157
/resources/tools/chemdb_ontology?abbrev=SFE 14:1,271.19157
/resources/tools/chemdb_ontology?abbrev=WE 14:1,271.19157
/resources/tools/chemdb_ontology?abbrev=FA 13:1,271.19157
/resources/tools/chemdb_ontology?abbrev=SFE 13:1,271.19157
/resources/tools/chemdb_ontology?abbrev=FA 17:0,269.24871
/resources/tools/chemdb_ontology?abbrev=SFE 17:0,269.24871
/resources/tools/chemdb_ontology?abbrev=WE 17:0,269.24871
/resources/tools/chemdb_ontology?abbrev=ST 24:1;O6,423.27544
/resources/tools/chemdb_ontology?abbrev=FA 23:4;O2,423.27544
/resources/tools/chemdb_ontology?abbrev=FOH 23:5;O3,423.27544
/resources/tools/chemdb_ontology?abbrev=MG 20:4,423.27544
/resources/tools/chemdb_ontology?abbrev=ST 23:1;O4,423.27544
/resources/tools/chemdb_ontology?abbrev=FA 22:4;O2,423.27544
/resources/tools/chemdb_ontology?abbrev=ST 22:1;O4,423.27544
/resources/tools/chemdb_ontology?abbrev=FA 18:3;O,293.21246
/resources/tools/chemdb_ontology?abbrev=FA 20:7;O,313.18133
/resources/tools/chemdb_ontology?abbrev=ST 25:2;O4,449.29090
/resources/tools/chemdb_ontology?abbrev=ST 24:2;O4,449.29090
/resources/tools/chemdb_ontology?abbrev=FA 10:2;O,243.12370
/resources/tools/chemdb_ontology?abbrev=FA 20:1;O,361.25176
/resources/tools/chemdb_ontology?abbrev=FA 20:8,295.17067
/resources/tools/chemdb_ontology?abbrev=ST 20:5;O2,295.17067
/resources/tools/chemdb_ontology?abbrev=FA 16:2;O,267.19664
/resources/tools/chemdb_ontology?abbrev=FA 20:6,299.20174
/resources/tools/chemdb_ontology?abbrev=ST 20:3;O2,299.20174
/resources/tools/chemdb_ontology?abbrev=FA 22:5;O2,361.23873
/resources/tools/chemdb_ontology?abbrev=FA 21:5,361.23873
/resources/tools/chemdb_ontology?abbrev=ST 21:2;O2,361.23873
/resources/tools/chemdb_ontology?abbrev=FA 20:5,361.23873
/resources/tools/chemdb_ontology?abbrev=ST 20:2;O2,361.23873
/resources/tools/chemdb_ontology?abbrev=FA 26:6;O4,447.27555
/resources/tools/chemdb_ontology?abbrev=MG 22:6,447.27555
/resources/tools/chemdb_ontology?abbrev=ST 26:3;O3,447.27555
/resources/tools/chemdb_ontology?abbrev=ST 24:3;O4,447.27555
/resources/tools/chemdb_ontology?abbrev=LPA 18:2,433.23620
/resources/tools/chemdb_ontology?abbrev=FA 20:5;O,353.18889
/resources/tools/chemdb_ontology?abbrev=FA 20:3,305.24874
/resources/tools/chemdb_ontology?abbrev=SFE 20:3,305.24874
/resources/tools/chemdb_ontology?abbrev=WE 20:3,305.24874
/resources/tools/chemdb_ontology?abbrev=ST 19:0,305.24874
/resources/tools/chemdb_ontology?abbrev=TG 57:7,305.24874
/resources/tools/chemdb_ontology?abbrev=LPA 16:1,407.22032
/resources/tools/chemdb_ontology?abbrev=FA 20:2;O4,407.22032
/resources/tools/chemdb_ontology?abbrev=FA 17:6;O2,325.12141
/resources/tools/chemdb_ontology?abbrev=FA 23:0,353.34269
/resources/tools/chemdb_ontology?abbrev=WE 23:0,353.34269
/resources/tools/chemdb_ontology?abbrev=FA 16:1;O2,285.20753
/resources/tools/chemdb_ontology?abbrev=FA 15:1,285.20753
/resources/tools/chemdb_ontology?abbrev=SFE 15:1,285.20753
/resources/tools/chemdb_ontology?abbrev=WE 15:1,285.20753
/resources/tools/chemdb_ontology?abbrev=FA 14:1,285.20753
/resources/tools/chemdb_ontology?abbrev=SFE 14:1,285.20753
/resources/tools/chemdb_ontology?abbrev=WE 14:1,285.20753
/resources/tools/chemdb_ontology?abbrev=FA 12:5;O2,221.08152
/resources/tools/chemdb_ontology?abbrev=SFE 11:5,221.08152
/resources/tools/chemdb_ontology?abbrev=FA 10:5,221.08152
/resources/tools/chemdb_ontology?abbrev=ST 25:2;O4,449.29066
/resources/tools/chemdb_ontology?abbrev=ST 24:2;O4,449.29066
/resources/tools/chemdb_ontology?abbrev=FA 21:3;O2,411.27541
/resources/tools/chemdb_ontology?abbrev=FA 22:3;O,349.27492
/resources/tools/chemdb_ontology?abbrev=ST 21:0;O,349.27492
/resources/tools/chemdb_ontology?abbrev=FA 20:5,301.21733
/resources/tools/chemdb_ontology?abbrev=ST 20:2;O2,301.21733
/resources/tools/chemdb_ontology?abbrev=FA 20:1;O,361.25172
/resources/tools/chemdb_ontology?abbrev=FA 18:4;O2,307.19145
/resources/tools/chemdb_ontology?abbrev=FA 17:4,307.19145
/resources/tools/chemdb_ontology?abbrev=FA 16:4,307.19145
/resources/tools/chemdb_ontology?abbrev=SFE 16:4,307.19145
/resources/tools/chemdb_ontology?abbrev=FA 20:8,295.17027
/resources/tools/chemdb_ontology?abbrev=ST 20:5;O2,295.17027
/resources/tools/chemdb_ontology?abbrev=FA 16:1;O,269.21231
/resources/tools/chemdb_ontology?abbrev=FA 23:4;O2,413.24670
/resources/tools/chemdb_ontology?abbrev=FOH 23:5;O3,413.24670
/resources/tools/chemdb_ontology?abbrev=MG 20:4,413.24670
/resources/tools/chemdb_ontology?abbrev=ST 23:1;O4,413.24670
/resources/tools/chemdb_ontology?abbrev=FA 18:5;O,287.16517
/resources/tools/chemdb_ontology?abbrev=FA 18:6;O,287.16517
/resources/tools/chemdb_ontology?abbrev=ST 18:3;O3,287.16517
/resources/tools/chemdb_ontology?abbrev=FA 17:6;O,287.16517
/resources/tools/chemdb_ontology?abbrev=FA 21:4;O3,365.23326
/resources/tools/chemdb_ontology?abbrev=ST 21:1;O5,365.23326
/resources/tools/chemdb_ontology?abbrev=FA 20:4;O,365.23326
/resources/tools/chemdb_ontology?abbrev=FA 19:4;O,365.23326
/resources/tools/chemdb_ontology?abbrev=ST 19:1;O3,365.23326
/resources/tools/chemdb_ontology?abbrev=SPB 19:2;O2,356.28076
/resources/tools/chemdb_ontology?abbrev=NAE 16:1,356.28076
/resources/tools/chemdb_ontology?abbrev=SPB 18:2;O2,356.28076
/resources/tools/chemdb_ontology?abbrev=FA 22:3,333.28001
/resources/tools/chemdb_ontology?abbrev=SFE 22:3,333.28001
/resources/tools/chemdb_ontology?abbrev=WE 22:3,333.28001
/resources/tools/chemdb_ontology?abbrev=TG 63:7,333.28001
/resources/tools/chemdb_ontology?abbrev=FA 18:2;O2,311.22295
/resources/tools/chemdb_ontology?abbrev=FA 17:2,311.22295
/resources/tools/chemdb_ontology?abbrev=SFE 17:2,311.22295
/resources/tools/chemdb_ontology?abbrev=WE 17:2,311.22295
/resources/tools/chemdb_ontology?abbrev=FA 16:2,311.22295
/resources/tools/chemdb_ontology?abbrev=SFE 16:2,311.22295
/resources/tools/chemdb_ontology?abbrev=WE 16:2,311.22295
/resources/tools/chemdb_ontology?abbrev=FAHFA 34:0;O,537.48902
/resources/tools/chemdb_ontology?abbrev=WE 33:1,537.48902
/resources/tools/chemdb_ontology?abbrev=FA 32:1,537.48902
/resources/tools/chemdb_ontology?abbrev=WE 32:1,537.48902
/resources/tools/chemdb_ontology?abbrev=FA 22:6;O2,359.22313
/resources/tools/chemdb_ontology?abbrev=ST 21:3;O2,359.22313
/resources/tools/chemdb_ontology?abbrev=FA 20:6,359.22313
/resources/tools/chemdb_ontology?abbrev=ST 20:3;O2,359.22313
/resources/tools/chemdb_ontology?abbrev=FA 18:1;O,333.22052
/resources/tools/chemdb_ontology?abbrev=PI 39:5,448.27110
/resources/tools/chemdb_ontology?abbrev=SPB 18:1;O3,314.27023
/resources/tools/chemdb_ontology?abbrev=SPB 19:3;O2,354.26511
/resources/tools/chemdb_ontology?abbrev=SPB 18:3;O2,354.26511
/resources/tools/chemdb_ontology?abbrev=ST 24:1;O3;S,501.25258
/resources/tools/chemdb_ontology?abbrev=FA 22:3,333.28007
/resources/tools/chemdb_ontology?abbrev=SFE 22:3,333.28007
/resources/tools/chemdb_ontology?abbrev=WE 22:3,333.28007
/resources/tools/chemdb_ontology?abbrev=FA 18:3;O,329.18938
/resources/tools/chemdb_ontology?abbrev=ST 24:1;O4,391.28555
/resources/tools/chemdb_ontology?abbrev=FA 23:4,391.28555
/resources/tools/chemdb_ontology?abbrev=ST 23:1;O2,391.28555
/resources/tools/chemdb_ontology?abbrev=FA 22:4,391.28555
/resources/tools/chemdb_ontology?abbrev=SFE 22:4,391.28555
/resources/tools/chemdb_ontology?abbrev=WE 36:3,589.52034
/resources/tools/chemdb_ontology?abbrev=FA 22:5;O,345.24396
/resources/tools/chemdb_ontology?abbrev=ST 21:2;O,345.24396
/resources/tools/chemdb_ontology?abbrev=ST 20:2;O,345.24396
/resources/tools/chemdb_ontology?abbrev=FA 21:1;O,339.29047
/resources/tools/chemdb_ontology?abbrev=TG 39:0,339.29047
/resources/tools/chemdb_ontology?abbrev=FAHFA 38:3;O,587.50459
/resources/tools/chemdb_ontology?abbrev=FA 36:4,587.50459
/resources/tools/chemdb_ontology?abbrev=WE 36:4,587.50459
/resources/tools/chemdb_ontology?abbrev=SPBP 19:1;O2,428.23414
/resources/tools/chemdb_ontology?abbrev=FA 18:2;O,295.22772
/resources/tools/chemdb_ontology?abbrev=FA 18:5;O,287.16497
/resources/tools/chemdb_ontology?abbrev=FA 18:6;O,287.16497
/resources/tools/chemdb_ontology?abbrev=ST 18:3;O3,287.16497
/resources/tools/chemdb_ontology?abbrev=FA 17:6;O,287.16497
/resources/tools/chemdb_ontology?abbrev=FA 19:4,289.21736
/resources/tools/chemdb_ontology?abbrev=ST 19:1;O2,289.21736
/resources/tools/chemdb_ontology?abbrev=TG 54:10,289.21736
/resources/tools/chemdb_ontology?abbrev=FA 28:2;O2,511.40037
/resources/tools/chemdb_ontology?abbrev=FA 13:0;O,229.18060
/resources/tools/chemdb_ontology?abbrev=FA 20:4,303.23316
/resources/tools/chemdb_ontology?abbrev=ST 20:1;O2,303.23316
/resources/tools/chemdb_ontology?abbrev=FA 21:5;O2,347.22268
/resources/tools/chemdb_ontology?abbrev=ST 21:2;O4,347.22268
/resources/tools/chemdb_ontology?abbrev=FA 20:5,347.22268
/resources/tools/chemdb_ontology?abbrev=ST 20:2;O2,347.22268
/resources/tools/chemdb_ontology?abbrev=FA 19:5,347.22268
/resources/tools/chemdb_ontology?abbrev=ST 19:2;O2,347.22268
/resources/tools/chemdb_ontology?abbrev=FA 13:0,213.18556
/resources/tools/chemdb_ontology?abbrev=SFE 13:0,213.18556
/resources/tools/chemdb_ontology?abbrev=WE 13:0,213.18556
/resources/tools/chemdb_ontology?abbrev=CAR 22:2,478.39035
/resources/tools/chemdb_ontology?abbrev=LPG O-16:0,515.29909
/resources/tools/chemdb_ontology?abbrev=FA 14:2,223.16995
/resources/tools/chemdb_ontology?abbrev=SFE 14:2,223.16995
/resources/tools/chemdb_ontology?abbrev=WE 14:2,223.16995
/resources/tools/chemdb_ontology?abbrev=FA 18:2;O,331.20500
/resources/tools/chemdb_ontology?abbrev=MG 22:6,437.24681
/resources/tools/chemdb_ontology?abbrev=ST 26:3;O3,437.24681
/resources/tools/chemdb_ontology?abbrev=SFE 18:0,283.26431
/resources/tools/chemdb_ontology?abbrev=WE 18:0,283.26431
/resources/tools/chemdb_ontology?abbrev=FA 18:0,283.26431
/resources/tools/chemdb_ontology?abbrev=SFE 18:0,283.26431
/resources/tools/chemdb_ontology?abbrev=WE 18:0,283.26431
/resources/tools/chemdb_ontology?abbrev=FA 17:3,263.20174
/resources/tools/chemdb_ontology?abbrev=SFE 17:3,263.20174
/resources/tools/chemdb_ontology?abbrev=FA 34:6;O2,263.20174
/resources/tools/chemdb_ontology?abbrev=TG 48:7,263.20174
/resources/tools/chemdb_ontology?abbrev=FA 20:6;O,315.19683
/resources/tools/chemdb_ontology?abbrev=ST 20:3;O3,315.19683
/resources/tools/chemdb_ontology?abbrev=FA 22:6,327.23309
/resources/tools/chemdb_ontology?abbrev=FA 20:4,303.23301
/resources/tools/chemdb_ontology?abbrev=ST 20:1;O2,303.23301
/resources/tools/chemdb_ontology?abbrev=TG 57:10,303.23301
/resources/tools/chemdb_ontology?abbrev=FA 18:2,279.23291
/resources/tools/chemdb_ontology?abbrev=SFE 18:2,279.23291
/resources/tools/chemdb_ontology?abbrev=WE 18:2,279.23291
/resources/tools/chemdb_ontology?abbrev=FAHFA 36:3;O,279.23291
/resources/tools/chemdb_ontology?abbrev=TG 51:4,279.23291
/resources/tools/chemdb_ontology?abbrev=FA 18:3,277.21729
/resources/tools/chemdb_ontology?abbrev=SFE 18:3,277.21729
/resources/tools/chemdb_ontology?abbrev=ST 18:0;O2,277.21729
/resources/tools/chemdb_ontology?abbrev=TG 51:7,277.21729
/resources/tools/chemdb_ontology?abbrev=FA 18:3,277.21728
/resources/tools/chemdb_ontology?abbrev=SFE 18:3,277.21728
/resources/tools/chemdb_ontology?abbrev=ST 18:0;O2,277.21728
/resources/tools/chemdb_ontology?abbrev=TG 51:7,277.21728
/resources/tools/chemdb_ontology?abbrev=FA 20:5,301.21735
/resources/tools/chemdb_ontology?abbrev=ST 20:2;O2,301.21735
/resources/tools/chemdb_ontology?abbrev=FA 22:5,329.24876
/resources/tools/chemdb_ontology?abbrev=SFE 22:5,329.24876
/resources/tools/chemdb_ontology?abbrev=FA 16:1,253.21720
/resources/tools/chemdb_ontology?abbrev=SFE 16:1,253.21720
/resources/tools/chemdb_ontology?abbrev=WE 16:1,253.21720
/resources/tools/chemdb_ontology?abbrev=FAHFA 32:1;O,253.21720
/resources/tools/chemdb_ontology?abbrev=TG 45:1,253.21720
/resources/tools/chemdb_ontology?abbrev=FA 18:1;O,333.22033
/resources/tools/chemdb_ontology?abbrev=FA 18:1,281.24859
/resources/tools/chemdb_ontology?abbrev=SFE 18:1,281.24859
/resources/tools/chemdb_ontology?abbrev=FAHFA 36:1;O,281.24859
/resources/tools/chemdb_ontology?abbrev=TG 51:1,281.24859
/resources/tools/chemdb_ontology?abbrev=FA 12:5;O2,221.08147
/resources/tools/chemdb_ontology?abbrev=SFE 11:5,221.08147
/resources/tools/chemdb_ontology?abbrev=FA 10:5,221.08147
/resources/tools/chemdb_ontology?abbrev=FA 18:1;O,297.24353
/resources/tools/chemdb_ontology?abbrev=FA 20:3,305.24871
/resources/tools/chemdb_ontology?abbrev=SFE 20:3,305.24871
/resources/tools/chemdb_ontology?abbrev=WE 20:3,305.24871
/resources/tools/chemdb_ontology?abbrev=ST 19:0,305.24871
/resources/tools/chemdb_ontology?abbrev=TG 57:7,305.24871
/resources/tools/chemdb_ontology?abbrev=ST 25:1;O5,467.30126
/resources/tools/chemdb_ontology?abbrev=ST 24:1;O5,467.30126
/resources/tools/chemdb_ontology?abbrev=FA 14:0,227.20127
/resources/tools/chemdb_ontology?abbrev=SFE 14:0,227.20127
/resources/tools/chemdb_ontology?abbrev=WE 14:0,227.20127
/resources/tools/chemdb_ontology?abbrev=FA 16:2,251.20152
/resources/tools/chemdb_ontology?abbrev=SFE 16:2,251.20152
/resources/tools/chemdb_ontology?abbrev=WE 16:2,251.20152
/resources/tools/chemdb_ontology?abbrev=FAHFA 32:3;O,251.20152
/resources/tools/chemdb_ontology?abbrev=TG 45:4,251.20152
/resources/tools/chemdb_ontology?abbrev=FA 18:0;O,299.25919
/resources/tools/chemdb_ontology?abbrev=FA 22:5,329.24874
/resources/tools/chemdb_ontology?abbrev=SFE 22:5,329.24874
/resources/tools/chemdb_ontology?abbrev=TG 63:13,329.24874
/resources/tools/chemdb_ontology?abbrev=FA 16:0,255.23287
/resources/tools/chemdb_ontology?abbrev=SFE 16:0,255.23287
/resources/tools/chemdb_ontology?abbrev=WE 16:0,255.23287
/resources/tools/chemdb_ontology?abbrev=FA 20:3;O2,373.21512
/resources/tools/chemdb_ontology?abbrev=ST 24:4;O4,421.21529
/resources/tools/chemdb_ontology?abbrev=ST 24:2;O5,405.26471
/resources/tools/chemdb_ontology?abbrev=FA 23:5;O,405.26471
/resources/tools/chemdb_ontology?abbrev=FA 22:5;O,405.26471
/resources/tools/chemdb_ontology?abbrev=FA 22:4,331.26440
/resources/tools/chemdb_ontology?abbrev=SFE 22:4,331.26440
/resources/tools/chemdb_ontology?abbrev=FA 18:0;O,299.25917
/resources/tools/chemdb_ontology?abbrev=FA 22:6;O,379.20465
/resources/tools/chemdb_ontology?abbrev=ST 22:3;O3,379.20465
/resources/tools/chemdb_ontology?abbrev=FA 20:3;O,321.24364
/resources/tools/chemdb_ontology?abbrev=ST 19:0;O,321.24364
/resources/tools/chemdb_ontology?abbrev=FA 22:5;O,345.24360
/resources/tools/chemdb_ontology?abbrev=ST 21:2;O,345.24360
/resources/tools/chemdb_ontology?abbrev=ST 20:2;O,345.24360
/resources/tools/chemdb_ontology?abbrev=FA 18:2;O,295.22792
/resources/tools/chemdb_ontology?abbrev=FA 18:2;O,295.22781
/resources/tools/chemdb_ontology?abbrev=FA 16:0;O,271.22797
/resources/tools/chemdb_ontology?abbrev=FA 18:4,275.20164
/resources/tools/chemdb_ontology?abbrev=ST 18:1;O2,275.20164
/resources/tools/chemdb_ontology?abbrev=FA 20:4;O,355.20461
/resources/tools/chemdb_ontology?abbrev=FA 18:2;O,331.20474
/resources/tools/chemdb_ontology?abbrev=FA 18:1;O,297.24348
/resources/tools/chemdb_ontology?abbrev=FA 22:5;O2,397.21502
/resources/tools/chemdb_ontology?abbrev=FA 22:6;O,379.20463
/resources/tools/chemdb_ontology?abbrev=ST 22:3;O3,379.20463
/resources/tools/chemdb_ontology?abbrev=FA 20:4,303.23295
/resources/tools/chemdb_ontology?abbrev=ST 20:1;O2,303.23295
/resources/tools/chemdb_ontology?abbrev=TG 57:10,303.23295
/resources/tools/chemdb_ontology?abbrev=FA 20:2;O2,375.23070
/resources/tools/chemdb_ontology?abbrev=FOH 20:2;O3,375.23070
/resources/tools/chemdb_ontology?abbrev=FA 20:3;O2,373.21520
/resources/tools/chemdb_ontology?abbrev=FA 16:0;O,271.22808
/resources/tools/chemdb_ontology?abbrev=FA 18:3;O,293.21240
/resources/tools/chemdb_ontology?abbrev=SPB 19:3;O2,354.26504
/resources/tools/chemdb_ontology?abbrev=SPB 18:3;O2,354.26504
/resources/tools/chemdb_ontology?abbrev=Cer 20:1;O2,340.28574
/resources/tools/chemdb_ontology?abbrev=FA 22:5;O,345.24366
/resources/tools/chemdb_ontology?abbrev=ST 21:2;O,345.24366
/resources/tools/chemdb_ontology?abbrev=ST 20:2;O,345.24366
/resources/tools/chemdb_ontology?abbrev=FA 20:3;O,321.24363
/resources/tools/chemdb_ontology?abbrev=ST 19:0;O,321.24363
/resources/tools/chemdb_ontology?abbrev=FA 18:1;O,333.22030
/resources/tools/chemdb_ontology?abbrev=FA 18:2;O,295.22784
/resources/tools/chemdb_ontology?abbrev=FA 22:7,325.21734
/resources/tools/chemdb_ontology?abbrev=FA 16:3,249.18583
/resources/tools/chemdb_ontology?abbrev=SFE 16:3,249.18583
/resources/tools/chemdb_ontology?abbrev=WE 16:3,249.18583
/resources/tools/chemdb_ontology?abbrev=FA 32:6;O2,249.18583
/resources/tools/chemdb_ontology?abbrev=FA 24:6,355.26441
/resources/tools/chemdb_ontology?abbrev=ST 24:3;O2,355.26441
/resources/tools/chemdb_ontology?abbrev=FA 22:6;O,343.22791
/resources/tools/chemdb_ontology?abbrev=ST 22:3;O3,343.22791
/resources/tools/chemdb_ontology?abbrev=ST 20:3;O,343.22791
/resources/tools/chemdb_ontology?abbrev=FA 20:4;O,355.20487
/resources/tools/chemdb_ontology?abbrev=FA 14:2,223.16987
/resources/tools/chemdb_ontology?abbrev=SFE 14:2,223.16987
/resources/tools/chemdb_ontology?abbrev=WE 14:2,223.16987
/resources/tools/chemdb_ontology?abbrev=FA 16:0;O,271.22800
/resources/tools/chemdb_ontology?abbrev=FA 18:2;O2,347.19951
/resources/tools/chemdb_ontology?abbrev=FA 18:2;O,331.20469
/resources/tools/chemdb_ontology?abbrev=Cer 20:1;O2,340.28571
/resources/tools/chemdb_ontology?abbrev=FA 14:1,225.18559
/resources/tools/chemdb_ontology?abbrev=SFE 14:1,225.18559
/resources/tools/chemdb_ontology?abbrev=WE 14:1,225.18559
/resources/tools/chemdb_ontology?abbrev=FA 20:2;O,323.25928
/resources/tools/chemdb_ontology?abbrev=NAE 20:4;O,362.27025
/resources/tools/chemdb_ontology?abbrev=FA 14:1,225.18552
/resources/tools/chemdb_ontology?abbrev=SFE 14:1,225.18552
/resources/tools/chemdb_ontology?abbrev=WE 14:1,225.18552
/resources/tools/chemdb_ontology?abbrev=FA 18:2;O,295.22787
/resources/tools/chemdb_ontology?abbrev=FA 22:6;O,343.22780
/resources/tools/chemdb_ontology?abbrev=ST 22:3;O3,343.22780
/resources/tools/chemdb_ontology?abbrev=ST 20:3;O,343.22780
/resources/tools/chemdb_ontology?abbrev=FA 21:1;O2,391.26232
/resources/tools/chemdb_ontology?abbrev=MG 18:1,391.26232
/resources/tools/chemdb_ontology?abbrev=WE 21:1;O2,391.26232
/resources/tools/chemdb_ontology?abbrev=FA 20:3,305.24872
/resources/tools/chemdb_ontology?abbrev=SFE 20:3,305.24872
/resources/tools/chemdb_ontology?abbrev=WE 20:3,305.24872
/resources/tools/chemdb_ontology?abbrev=ST 19:0,305.24872
/resources/tools/chemdb_ontology?abbrev=TG 57:7,305.24872
/resources/tools/chemdb_ontology?abbrev=FA 20:4;O,319.22786
/resources/tools/chemdb_ontology?abbrev=ST 19:1;O,319.22786
/resources/tools/chemdb_ontology?abbrev=FA 20:2,307.26436
/resources/tools/chemdb_ontology?abbrev=SFE 20:2,307.26436
/resources/tools/chemdb_ontology?abbrev=WE 20:2,307.26436
/resources/tools/chemdb_ontology?abbrev=TG 57:4,307.26436
/resources/tools/chemdb_ontology?abbrev=FA 24:5,357.27999
/resources/tools/chemdb_ontology?abbrev=ST 24:2;O2,357.27999
/resources/tools/chemdb_ontology?abbrev=FA 16:2,251.20155
/resources/tools/chemdb_ontology?abbrev=SFE 16:2,251.20155
/resources/tools/chemdb_ontology?abbrev=WE 16:2,251.20155
/resources/tools/chemdb_ontology?abbrev=FAHFA 32:3;O,251.20155
/resources/tools/chemdb_ontology?abbrev=TG 45:4,251.20155
/resources/tools/chemdb_ontology?abbrev=FA 18:2,279.23299
/resources/tools/chemdb_ontology?abbrev=SFE 18:2,279.23299
/resources/tools/chemdb_ontology?abbrev=WE 18:2,279.23299
/resources/tools/chemdb_ontology?abbrev=FAHFA 36:3;O,279.23299
/resources/tools/chemdb_ontology?abbrev=TG 51:4,279.23299
/resources/tools/chemdb_ontology?abbrev=FA 18:1;O,297.24360
/resources/tools/chemdb_ontology?abbrev=FA 18:3;O,293.21234
/resources/tools/chemdb_ontology?abbrev=FA 22:7,325.21727
/resources/tools/chemdb_ontology?abbrev=ST 24:1;O5,407.28040
/resources/tools/chemdb_ontology?abbrev=MG O-20:5,407.28040
/resources/tools/chemdb_ontology?abbrev=ST 23:1;O3,407.28040
/resources/tools/chemdb_ontology?abbrev=FA 22:4;O,407.28040
/resources/tools/chemdb_ontology?abbrev=ST 22:1;O3,407.28040
/resources/tools/chemdb_ontology?abbrev=LPC O-14:1,496.30470
/resources/tools/chemdb_ontology?abbrev=LPE O-16:1,496.30470
/resources/tools/chemdb_ontology?abbrev=FA 24:5,357.28005
/resources/tools/chemdb_ontology?abbrev=ST 24:2;O2,357.28005
/resources/tools/chemdb_ontology?abbrev=FA 20:4;O,319.22787
/resources/tools/chemdb_ontology?abbrev=ST 19:1;O,319.22787
/resources/tools/chemdb_ontology?abbrev=FA 13:1;O2,243.16000
/resources/tools/chemdb_ontology?abbrev=FA 12:1,243.16000
/resources/tools/chemdb_ontology?abbrev=SFE 12:1,243.16000
/resources/tools/chemdb_ontology?abbrev=WE 12:1,243.16000
/resources/tools/chemdb_ontology?abbrev=FA 11:1,243.16000
/resources/tools/chemdb_ontology?abbrev=SFE 11:1,243.16000
/resources/tools/chemdb_ontology?abbrev=WE 11:1,243.16000
/resources/tools/chemdb_ontology?abbrev=FA 22:6;O,343.22783
/resources/tools/chemdb_ontology?abbrev=ST 22:3;O3,343.22783
/resources/tools/chemdb_ontology?abbrev=ST 20:3;O,343.22783
/resources/tools/chemdb_ontology?abbrev=FA 20:5;O,317.21226
/resources/tools/chemdb_ontology?abbrev=ST 19:2;O,317.21226
/resources/tools/chemdb_ontology?abbrev=FA 18:2;O,295.22801
/resources/tools/chemdb_ontology?abbrev=FA 18:2,315.20968
/resources/tools/chemdb_ontology?abbrev=SFE 18:2,315.20968
/resources/tools/chemdb_ontology?abbrev=WE 18:2,315.20968
/resources/tools/chemdb_ontology?abbrev=FA 20:4;O,319.22782
/resources/tools/chemdb_ontology?abbrev=ST 19:1;O,319.22782
/resources/tools/chemdb_ontology?abbrev=FA 18:2;O,331.20460
/resources/tools/chemdb_ontology?abbrev=FA 18:1;O,297.24352
/resources/tools/chemdb_ontology?abbrev=FA 22:5;O,345.24370
/resources/tools/chemdb_ontology?abbrev=ST 21:2;O,345.24370
/resources/tools/chemdb_ontology?abbrev=ST 20:2;O,345.24370
/resources/tools/chemdb_ontology?abbrev=SPB 19:3;O2,354.26494
/resources/tools/chemdb_ontology?abbrev=SPB 18:3;O2,354.26494
/resources/tools/chemdb_ontology?abbrev=WE 22:2;O2,413.29101
/resources/tools/chemdb_ontology?abbrev=FA 21:2;O2,413.29101
/resources/tools/chemdb_ontology?abbrev=MG 18:2,413.29101
/resources/tools/chemdb_ontology?abbrev=FA 18:1;O2,313.23854
/resources/tools/chemdb_ontology?abbrev=FA 17:1,313.23854
/resources/tools/chemdb_ontology?abbrev=SFE 17:1,313.23854
/resources/tools/chemdb_ontology?abbrev=FA 16:1,313.23854
/resources/tools/chemdb_ontology?abbrev=SFE 16:1,313.23854
/resources/tools/chemdb_ontology?abbrev=WE 16:1,313.23854
/resources/tools/chemdb_ontology?abbrev=FA 18:2;O2,311.22294
/resources/tools/chemdb_ontology?abbrev=FA 18:2;O2,311.22294
/resources/tools/chemdb_ontology?abbrev=FA 17:2,311.22294
/resources/tools/chemdb_ontology?abbrev=SFE 17:2,311.22294
/resources/tools/chemdb_ontology?abbrev=WE 17:2,311.22294
/resources/tools/chemdb_ontology?abbrev=FA 16:2,311.22294
/resources/tools/chemdb_ontology?abbrev=SFE 16:2,311.22294
/resources/tools/chemdb_ontology?abbrev=WE 16:2,311.22294
/resources/tools/chemdb_ontology?abbrev=FA 22:6;O,379.20456
/resources/tools/chemdb_ontology?abbrev=ST 22:3;O3,379.20456
/resources/tools/chemdb_ontology?abbrev=WE 22:2;O2,413.29113
/resources/tools/chemdb_ontology?abbrev=FA 21:2;O2,413.29113
/resources/tools/chemdb_ontology?abbrev=MG 18:2,413.29113
/resources/tools/chemdb_ontology?abbrev=FA 18:2;O2,311.22282
/resources/tools/chemdb_ontology?abbrev=FA 17:2,311.22282
/resources/tools/chemdb_ontology?abbrev=SFE 17:2,311.22282
/resources/tools/chemdb_ontology?abbrev=WE 17:2,311.22282
/resources/tools/chemdb_ontology?abbrev=FA 16:2,311.22282
/resources/tools/chemdb_ontology?abbrev=SFE 16:2,311.22282
/resources/tools/chemdb_ontology?abbrev=WE 16:2,311.22282
/resources/tools/chemdb_ontology?abbrev=FA 16:3,249.18599
/resources/tools/chemdb_ontology?abbrev=SFE 16:3,249.18599
/resources/tools/chemdb_ontology?abbrev=WE 16:3,249.18599
/resources/tools/chemdb_ontology?abbrev=FA 32:6;O2,249.18599
/resources/tools/chemdb_ontology?abbrev=FA 18:1;O,297.24350
/resources/tools/chemdb_ontology?abbrev=FA 20:5;O2,333.20738
/resources/tools/chemdb_ontology?abbrev=FA 19:5,333.20738
/resources/tools/chemdb_ontology?abbrev=ST 19:2;O2,333.20738
/resources/tools/chemdb_ontology?abbrev=FA 18:5,333.20738
/resources/tools/chemdb_ontology?abbrev=SFE 18:5,333.20738
/resources/tools/chemdb_ontology?abbrev=ST 18:2;O2,333.20738
/resources/tools/chemdb_ontology?abbrev=WE 18:5,333.20738
/resources/tools/chemdb_ontology?abbrev=FA 18:1;O2,313.23861
/resources/tools/chemdb_ontology?abbrev=FA 17:1,313.23861
/resources/tools/chemdb_ontology?abbrev=SFE 17:1,313.23861
/resources/tools/chemdb_ontology?abbrev=FA 16:1,313.23861
/resources/tools/chemdb_ontology?abbrev=SFE 16:1,313.23861
/resources/tools/chemdb_ontology?abbrev=WE 16:1,313.23861
/resources/tools/chemdb_ontology?abbrev=ST 27:3;O6,461.29109
/resources/tools/chemdb_ontology?abbrev=MG 22:6,461.29109
/resources/tools/chemdb_ontology?abbrev=ST 26:3;O3,461.29109
/resources/tools/chemdb_ontology?abbrev=FA 18:2,315.20959
/resources/tools/chemdb_ontology?abbrev=SFE 18:2,315.20959
/resources/tools/chemdb_ontology?abbrev=WE 18:2,315.20959
/resources/tools/chemdb_ontology?abbrev=FA 22:7;O,341.21217
/resources/tools/chemdb_ontology?abbrev=FA 22:7,361.19403
/resources/tools/chemdb_ontology?abbrev=FA 20:2;O,323.25919
/resources/tools/chemdb_ontology?abbrev=ST 24:1;O5,407.28031
/resources/tools/chemdb_ontology?abbrev=MG O-20:5,407.28031
/resources/tools/chemdb_ontology?abbrev=ST 23:1;O3,407.28031
/resources/tools/chemdb_ontology?abbrev=FA 22:4;O,407.28031
/resources/tools/chemdb_ontology?abbrev=ST 22:1;O3,407.28031
/resources/tools/chemdb_ontology?abbrev=FA 22:5;O,345.24375
/resources/tools/chemdb_ontology?abbrev=ST 21:2;O,345.24375
/resources/tools/chemdb_ontology?abbrev=ST 20:2;O,345.24375
/resources/tools/chemdb_ontology?abbrev=ST 25:2;O4,449.29087
/resources/tools/chemdb_ontology?abbrev=ST 24:2;O4,449.29087
/resources/tools/chemdb_ontology?abbrev=FA 16:0;O,271.22794
/resources/tools/chemdb_ontology?abbrev=FA 20:4;O,355.20479
/resources/tools/chemdb_ontology?abbrev=ST 24:4;O4,421.21526
/resources/tools/chemdb_ontology?abbrev=NAE 20:4;O,362.27024
/resources/tools/chemdb_ontology?abbrev=FA 22:5;O2,397.21515
/resources/tools/chemdb_ontology?abbrev=FA 18:2;O2,311.22290
/resources/tools/chemdb_ontology?abbrev=FA 17:2,311.22290
/resources/tools/chemdb_ontology?abbrev=SFE 17:2,311.22290
/resources/tools/chemdb_ontology?abbrev=WE 17:2,311.22290
/resources/tools/chemdb_ontology?abbrev=FA 16:2,311.22290
/resources/tools/chemdb_ontology?abbrev=SFE 16:2,311.22290
/resources/tools/chemdb_ontology?abbrev=WE 16:2,311.22290
/resources/tools/chemdb_ontology?abbrev=FA 20:2;O2,375.23074
/resources/tools/chemdb_ontology?abbrev=FOH 20:2;O3,375.23074
/resources/tools/chemdb_ontology?abbrev=FA 17:0;O,285.24356
/resources/tools/chemdb_ontology?abbrev=FA 20:4,303.23331
/resources/tools/chemdb_ontology?abbrev=ST 20:1;O2,303.23331
/resources/tools/chemdb_ontology?abbrev=FA 18:2;O,295.22779
/resources/tools/chemdb_ontology?abbrev=FA 16:1;O,269.21226
/resources/tools/chemdb_ontology?abbrev=FA 18:2;O,331.20464
/resources/tools/chemdb_ontology?abbrev=FA 18:1;O2,349.21515
/resources/tools/chemdb_ontology?abbrev=FA 22:6;O,343.22787
/resources/tools/chemdb_ontology?abbrev=ST 22:3;O3,343.22787
/resources/tools/chemdb_ontology?abbrev=ST 20:3;O,343.22787
/resources/tools/chemdb_ontology?abbrev=FA 20:1;O2,387.27548
/resources/tools/chemdb_ontology?abbrev=FA 19:1;O2,387.27548
/resources/tools/chemdb_ontology?abbrev=FOH 19:2;O3,387.27548
/resources/tools/chemdb_ontology?abbrev=LPS O-20:0;O,554.34679
/resources/tools/chemdb_ontology?abbrev=LPC 17:0,554.34679
/resources/tools/chemdb_ontology?abbrev=LPE 20:0,554.34679
/resources/tools/chemdb_ontology?abbrev=PC O-17:0,554.34679
/resources/tools/chemdb_ontology?abbrev=LPC 16:0,554.34679
/resources/tools/chemdb_ontology?abbrev=LPE 19:0,554.34679
/resources/tools/chemdb_ontology?abbrev=LPE O-19:1;O,554.34679
/resources/tools/chemdb_ontology?abbrev=PC O-16:0,554.34679
/resources/tools/chemdb_ontology?abbrev=FA 16:0;O,271.22799
/resources/tools/chemdb_ontology?abbrev=FA 18:0;O,299.25906
/resources/tools/chemdb_ontology?abbrev=FA 22:6;O2,359.22301
/resources/tools/chemdb_ontology?abbrev=ST 21:3;O2,359.22301
/resources/tools/chemdb_ontology?abbrev=FA 20:6,359.22301
/resources/tools/chemdb_ontology?abbrev=ST 20:3;O2,359.22301
/resources/tools/chemdb_ontology?abbrev=LPS 19:0,538.31527
/resources/tools/chemdb_ontology?abbrev=LPS O-19:1;O,538.31527
/resources/tools/chemdb_ontology?abbrev=LPC 16:1,538.31527
/resources/tools/chemdb_ontology?abbrev=LPE 19:1,538.31527
/resources/tools/chemdb_ontology?abbrev=LPC 15:1,538.31527
/resources/tools/chemdb_ontology?abbrev=LPE 18:1,538.31527
/resources/tools/chemdb_ontology?abbrev=FA 18:3;O2,309.20730
/resources/tools/chemdb_ontology?abbrev=FA 17:3,309.20730
/resources/tools/chemdb_ontology?abbrev=SFE 17:3,309.20730
/resources/tools/chemdb_ontology?abbrev=FA 16:3,309.20730
/resources/tools/chemdb_ontology?abbrev=SFE 16:3,309.20730
/resources/tools/chemdb_ontology?abbrev=WE 16:3,309.20730
/resources/tools/chemdb_ontology?abbrev=FA 21:2;O2,389.24662
/resources/tools/chemdb_ontology?abbrev=MG 18:2,389.24662
/resources/tools/chemdb_ontology?abbrev=FA 16:1;O,269.21228
/resources/tools/chemdb_ontology?abbrev=FA 16:1;O,269.21218
/resources/tools/chemdb_ontology?abbrev=FA 17:1,267.23296
/resources/tools/chemdb_ontology?abbrev=SFE 17:1,267.23296
/resources/tools/chemdb_ontology?abbrev=FAHFA 34:1;O,267.23296
/resources/tools/chemdb_ontology?abbrev=TG 48:1,267.23296
/resources/tools/chemdb_ontology?abbrev=FA 22:1;O2,415.30675
/resources/tools/chemdb_ontology?abbrev=FA 21:1;O2,415.30675
/resources/tools/chemdb_ontology?abbrev=MG 18:1,415.30675
/resources/tools/chemdb_ontology?abbrev=WE 21:1;O2,415.30675
/resources/tools/chemdb_ontology?abbrev=FA 16:1;O,269.21229
/resources/tools/chemdb_ontology?abbrev=FA 19:4;O4,399.20246
/resources/tools/chemdb_ontology?abbrev=FA 18:4;O4,399.20246
/resources/tools/chemdb_ontology?abbrev=ST 24:1;O4,391.28551
/resources/tools/chemdb_ontology?abbrev=FA 23:4,391.28551
/resources/tools/chemdb_ontology?abbrev=ST 23:1;O2,391.28551
/resources/tools/chemdb_ontology?abbrev=FA 22:4,391.28551
/resources/tools/chemdb_ontology?abbrev=SFE 22:4,391.28551
/resources/tools/chemdb_ontology?abbrev=FA 26:6;O4,447.27531
/resources/tools/chemdb_ontology?abbrev=MG 22:6,447.27531
/resources/tools/chemdb_ontology?abbrev=ST 26:3;O3,447.27531
/resources/tools/chemdb_ontology?abbrev=ST 24:3;O4,447.27531
/resources/tools/chemdb_ontology?abbrev=FA 20:7;O,313.18113
/resources/tools/chemdb_ontology?abbrev=FA 16:2;O,267.19667
/resources/tools/chemdb_ontology?abbrev=FA 20:3;O,321.24360
/resources/tools/chemdb_ontology?abbrev=ST 19:0;O,321.24360
/resources/tools/chemdb_ontology?abbrev=FA 22:1;O2,415.30666
/resources/tools/chemdb_ontology?abbrev=FA 21:1;O2,415.30666
/resources/tools/chemdb_ontology?abbrev=MG 18:1,415.30666
/resources/tools/chemdb_ontology?abbrev=WE 21:1;O2,415.30666
/resources/tools/chemdb_ontology?abbrev=FA 20:6,299.20188
/resources/tools/chemdb_ontology?abbrev=ST 20:3;O2,299.20188
/resources/tools/chemdb_ontology?abbrev=FA 18:3;O,293.21241
/resources/tools/chemdb_ontology?abbrev=FA 20:2;O,323.25925
/resources/tools/chemdb_ontology?abbrev=FA 16:0;O,271.22789
/resources/tools/chemdb_ontology?abbrev=FA 20:2;O,359.23601
/resources/tools/chemdb_ontology?abbrev=ST 25:1;O5,467.30124
/resources/tools/chemdb_ontology?abbrev=ST 24:1;O5,467.30124
/resources/tools/chemdb_ontology?abbrev=FA 15:4;O,249.14940
/resources/tools/chemdb_ontology?abbrev=ST 30:5;O6,249.14940
/resources/tools/chemdb_ontology?abbrev=FA 20:1;O,361.25167
/resources/tools/chemdb_ontology?abbrev=FA 20:4;O,319.22791
/resources/tools/chemdb_ontology?abbrev=ST 19:1;O,319.22791
/resources/tools/chemdb_ontology?abbrev=NAE 20:4;O,362.27029
/resources/tools/chemdb_ontology?abbrev=FA 18:2,279.23317
/resources/tools/chemdb_ontology?abbrev=SFE 18:2,279.23317
/resources/tools/chemdb_ontology?abbrev=WE 18:2,279.23317
/resources/tools/chemdb_ontology?abbrev=FAHFA 36:3;O,279.23317
/resources/tools/chemdb_ontology?abbrev=FA 22:6;O,379.20492
/resources/tools/chemdb_ontology?abbrev=ST 22:3;O3,379.20492
/resources/tools/chemdb_ontology?abbrev=ST 24:1;O4,391.28552
/resources/tools/chemdb_ontology?abbrev=FA 23:4,391.28552
/resources/tools/chemdb_ontology?abbrev=ST 23:1;O2,391.28552
/resources/tools/chemdb_ontology?abbrev=FA 22:4,391.28552
/resources/tools/chemdb_ontology?abbrev=SFE 22:4,391.28552
/resources/tools/chemdb_ontology?abbrev=FA 20:6;O,315.19667
/resources/tools/chemdb_ontology?abbrev=ST 20:3;O3,315.19667
/resources/tools/chemdb_ontology?abbrev=FA 20:3;O2,337.23856
/resources/tools/chemdb_ontology?abbrev=FA 19:3,337.23856
/resources/tools/chemdb_ontology?abbrev=SFE 19:3,337.23856
/resources/tools/chemdb_ontology?abbrev=ST 19:0;O2,337.23856
/resources/tools/chemdb_ontology?abbrev=FA 18:3,337.23856
/resources/tools/chemdb_ontology?abbrev=SFE 18:3,337.23856
/resources/tools/chemdb_ontology?abbrev=ST 18:0;O2,337.23856
/resources/tools/chemdb_ontology?abbrev=FA 18:0;O4,383.22043
/resources/tools/chemdb_ontology?abbrev=FA 20:7;O,313.18123
/resources/tools/chemdb_ontology?abbrev=FA 18:1;O2,313.23857
/resources/tools/chemdb_ontology?abbrev=FA 17:1,313.23857
/resources/tools/chemdb_ontology?abbrev=SFE 17:1,313.23857
/resources/tools/chemdb_ontology?abbrev=FA 16:1,313.23857
/resources/tools/chemdb_ontology?abbrev=SFE 16:1,313.23857
/resources/tools/chemdb_ontology?abbrev=WE 16:1,313.23857
/resources/tools/chemdb_ontology?abbrev=FA 16:1;O2,285.20716
/resources/tools/chemdb_ontology?abbrev=FA 15:1,285.20716
/resources/tools/chemdb_ontology?abbrev=SFE 15:1,285.20716
/resources/tools/chemdb_ontology?abbrev=WE 15:1,285.20716
/resources/tools/chemdb_ontology?abbrev=FA 14:1,285.20716
/resources/tools/chemdb_ontology?abbrev=SFE 14:1,285.20716
/resources/tools/chemdb_ontology?abbrev=WE 14:1,285.20716
/resources/tools/chemdb_ontology?abbrev=FA 20:5;O,317.21216
/resources/tools/chemdb_ontology?abbrev=ST 19:2;O,317.21216
/resources/tools/chemdb_ontology?abbrev=FA 13:1;O,227.16493
/resources/tools/chemdb_ontology?abbrev=FA 22:6;O,379.20468
/resources/tools/chemdb_ontology?abbrev=ST 22:3;O3,379.20468
/resources/tools/chemdb_ontology?abbrev=FA 18:3;O,293.21247
/resources/tools/chemdb_ontology?abbrev=PA 42:9,255.82214
/resources/tools/chemdb_ontology?abbrev=LPG O-16:1,467.27807
/resources/tools/chemdb_ontology?abbrev=LPA O-18:1,467.27807
/resources/tools/chemdb_ontology?abbrev=FA 17:2,265.21731
/resources/tools/chemdb_ontology?abbrev=SFE 17:2,265.21731
/resources/tools/chemdb_ontology?abbrev=WE 17:2,265.21731
/resources/tools/chemdb_ontology?abbrev=FAHFA 34:3;O,265.21731
/resources/tools/chemdb_ontology?abbrev=TG 48:4,265.21731
/resources/tools/chemdb_ontology?abbrev=FA 37:6,583.47323
/resources/tools/chemdb_ontology?abbrev=FA 36:6,583.47323
/resources/tools/chemdb_ontology?abbrev=WE 36:6,583.47323
/resources/tools/chemdb_ontology?abbrev=FA 18:1;O2,313.23874
/resources/tools/chemdb_ontology?abbrev=FA 17:1,313.23874
/resources/tools/chemdb_ontology?abbrev=SFE 17:1,313.23874
/resources/tools/chemdb_ontology?abbrev=FA 16:1,313.23874
/resources/tools/chemdb_ontology?abbrev=SFE 16:1,313.23874
/resources/tools/chemdb_ontology?abbrev=WE 16:1,313.23874
/resources/tools/chemdb_ontology?abbrev=FA 20:4;O2,335.22305
/resources/tools/chemdb_ontology?abbrev=FA 19:4,335.22305
/resources/tools/chemdb_ontology?abbrev=ST 19:1;O2,335.22305
/resources/tools/chemdb_ontology?abbrev=FA 18:4,335.22305
/resources/tools/chemdb_ontology?abbrev=ST 18:1;O2,335.22305
/resources/tools/chemdb_ontology?abbrev=FA 18:2;O2,311.22298
/resources/tools/chemdb_ontology?abbrev=FA 17:2,311.22298
/resources/tools/chemdb_ontology?abbrev=SFE 17:2,311.22298
/resources/tools/chemdb_ontology?abbrev=WE 17:2,311.22298
/resources/tools/chemdb_ontology?abbrev=FA 16:2,311.22298
/resources/tools/chemdb_ontology?abbrev=SFE 16:2,311.22298
/resources/tools/chemdb_ontology?abbrev=WE 16:2,311.22298
/resources/tools/chemdb_ontology?abbrev=FA 18:1;O,333.22060
/resources/tools/chemdb_ontology?abbrev=FA 20:3;O,357.22036
/resources/tools/chemdb_ontology?abbrev=FA 12:1;O2,229.14417
/resources/tools/chemdb_ontology?abbrev=FA 11:1,229.14417
/resources/tools/chemdb_ontology?abbrev=SFE 11:1,229.14417
/resources/tools/chemdb_ontology?abbrev=WE 11:1,229.14417
/resources/tools/chemdb_ontology?abbrev=FA 10:1,229.14417
/resources/tools/chemdb_ontology?abbrev=SFE 10:1,229.14417
/resources/tools/chemdb_ontology?abbrev=WE 10:1,229.14417
/resources/tools/chemdb_ontology?abbrev=FA 16:1;O,269.21233
/resources/tools/chemdb_ontology?abbrev=LPE 22:6,524.27869
/resources/tools/chemdb_ontology?abbrev=MG 22:6,437.24635
/resources/tools/chemdb_ontology?abbrev=ST 26:3;O3,437.24635
/resources/tools/chemdb_ontology?abbrev=FA 16:1,253.21722
/resources/tools/chemdb_ontology?abbrev=SFE 16:1,253.21722
/resources/tools/chemdb_ontology?abbrev=WE 16:1,253.21722
/resources/tools/chemdb_ontology?abbrev=FAHFA 32:1;O,253.21722
/resources/tools/chemdb_ontology?abbrev=TG 45:1,253.21722
/resources/tools/chemdb_ontology?abbrev=FA 20:3;O,321.24388
/resources/tools/chemdb_ontology?abbrev=ST 19:0;O,321.24388
/resources/tools/chemdb_ontology?abbrev=FA 18:1;O,333.22053
/resources/tools/chemdb_ontology?abbrev=FA 18:1;O2,313.23859
/resources/tools/chemdb_ontology?abbrev=FA 17:1,313.23859
/resources/tools/chemdb_ontology?abbrev=SFE 17:1,313.23859
/resources/tools/chemdb_ontology?abbrev=FA 16:1,313.23859
/resources/tools/chemdb_ontology?abbrev=SFE 16:1,313.23859
/resources/tools/chemdb_ontology?abbrev=WE 16:1,313.23859
/resources/tools/chemdb_ontology?abbrev=FA 22:6;O2,359.22311
/resources/tools/chemdb_ontology?abbrev=ST 21:3;O2,359.22311
/resources/tools/chemdb_ontology?abbrev=FA 20:6,359.22311
/resources/tools/chemdb_ontology?abbrev=ST 20:3;O2,359.22311
/resources/tools/chemdb_ontology?abbrev=FA 19:0;O,313.27493
/resources/tools/chemdb_ontology?abbrev=FA 20:5;O,317.21229
/resources/tools/chemdb_ontology?abbrev=ST 19:2;O,317.21229
/resources/tools/chemdb_ontology?abbrev=FA 22:7;O,341.21226
/resources/tools/chemdb_ontology?abbrev=ST 24:1;O4;Gly,500.27889
/resources/tools/chemdb_ontology?abbrev=FA 18:0;O2,315.25423
/resources/tools/chemdb_ontology?abbrev=MG O-15:1;O,315.25423
/resources/tools/chemdb_ontology?abbrev=FA 17:0,315.25423
/resources/tools/chemdb_ontology?abbrev=SFE 17:0,315.25423
/resources/tools/chemdb_ontology?abbrev=WE 17:0,315.25423
/resources/tools/chemdb_ontology?abbrev=FA 16:0,315.25423
/resources/tools/chemdb_ontology?abbrev=SFE 16:0,315.25423
/resources/tools/chemdb_ontology?abbrev=WE 16:0,315.25423
/resources/tools/chemdb_ontology?abbrev=ST 24:3;O3,417.26490
/resources/tools/chemdb_ontology?abbrev=FA 18:3;O2,309.20722
/resources/tools/chemdb_ontology?abbrev=FA 17:3,309.20722
/resources/tools/chemdb_ontology?abbrev=SFE 17:3,309.20722
/resources/tools/chemdb_ontology?abbrev=FA 16:3,309.20722
/resources/tools/chemdb_ontology?abbrev=SFE 16:3,309.20722
/resources/tools/chemdb_ontology?abbrev=WE 16:3,309.20722
/resources/tools/chemdb_ontology?abbrev=ST 21:4;O4,379.16770
/resources/tools/chemdb_ontology?abbrev=FA 18:3;O3,325.20201
/resources/tools/chemdb_ontology?abbrev=FA 17:3;O,325.20201
/resources/tools/chemdb_ontology?abbrev=FA 16:3;O,325.20201
/resources/tools/chemdb_ontology?abbrev=ST 24:1;O4,391.28560
/resources/tools/chemdb_ontology?abbrev=FA 23:4,391.28560
/resources/tools/chemdb_ontology?abbrev=ST 23:1;O2,391.28560
/resources/tools/chemdb_ontology?abbrev=FA 22:4,391.28560
/resources/tools/chemdb_ontology?abbrev=SFE 22:4,391.28560
/resources/tools/chemdb_ontology?abbrev=ST 26:2;O5,433.29558
/resources/tools/chemdb_ontology?abbrev=FA 24:5;O,433.29558
/resources/tools/chemdb_ontology?abbrev=ST 24:2;O3,433.29558
/resources/tools/chemdb_ontology?abbrev=FA 16:3,249.18581
/resources/tools/chemdb_ontology?abbrev=SFE 16:3,249.18581
/resources/tools/chemdb_ontology?abbrev=WE 16:3,249.18581
/resources/tools/chemdb_ontology?abbrev=FA 32:6;O2,249.18581
/resources/tools/chemdb_ontology?abbrev=LPA 16:0,409.23592
/resources/tools/chemdb_ontology?abbrev=FA 20:3;O,357.22043
/resources/tools/chemdb_ontology?abbrev=ST 26:4;O3,399.25367
/resources/tools/chemdb_ontology?abbrev=FA 24:7,399.25367
/resources/tools/chemdb_ontology?abbrev=ST 24:4;O2,399.25367
/resources/tools/chemdb_ontology?abbrev=WE 22:2;O2,413.29094
/resources/tools/chemdb_ontology?abbrev=FA 21:2;O2,413.29094
/resources/tools/chemdb_ontology?abbrev=MG 18:2,413.29094
/resources/tools/chemdb_ontology?abbrev=FA 16:4,293.17607
/resources/tools/chemdb_ontology?abbrev=SFE 16:4,293.17607
/resources/tools/chemdb_ontology?abbrev=FA 15:4,293.17607
/resources/tools/chemdb_ontology?abbrev=WE 15:4,293.17607
/resources/tools/chemdb_ontology?abbrev=ST 28:3;O2;GlcA,293.17607
/resources/tools/chemdb_ontology?abbrev=FA 12:1;O,213.14926
/resources/tools/chemdb_ontology?abbrev=FA 20:4,303.23296
/resources/tools/chemdb_ontology?abbrev=ST 20:1;O2,303.23296
/resources/tools/chemdb_ontology?abbrev=TG 57:10,303.23296
/resources/tools/chemdb_ontology?abbrev=FA 16:1;O,305.18880
/resources/tools/chemdb_ontology?abbrev=FA 11:1;O2,215.12843
/resources/tools/chemdb_ontology?abbrev=SFE 11:1;O2,215.12843
/resources/tools/chemdb_ontology?abbrev=FA 10:1,215.12843
/resources/tools/chemdb_ontology?abbrev=SFE 10:1,215.12843
/resources/tools/chemdb_ontology?abbrev=WE 10:1,215.12843
/resources/tools/chemdb_ontology?abbrev=FA 9:1,215.12843
/resources/tools/chemdb_ontology?abbrev=SFE 9:1,215.12843
/resources/tools/chemdb_ontology?abbrev=WE 9:1,215.12843
/resources/tools/chemdb_ontology?abbrev=FA 18:2;O2,347.19978
/resources/tools/chemdb_ontology?abbrev=ST 24:4;O4,421.21533
/resources/tools/chemdb_ontology?abbrev=FA 22:7,361.19408
/resources/tools/chemdb_ontology?abbrev=FA 18:1;O2,313.23862
/resources/tools/chemdb_ontology?abbrev=FA 17:1,313.23862
/resources/tools/chemdb_ontology?abbrev=SFE 17:1,313.23862
/resources/tools/chemdb_ontology?abbrev=FA 16:1,313.23862
/resources/tools/chemdb_ontology?abbrev=SFE 16:1,313.23862
/resources/tools/chemdb_ontology?abbrev=WE 16:1,313.23862
/resources/tools/chemdb_ontology?abbrev=FA 20:4,303.23306
/resources/tools/chemdb_ontology?abbrev=ST 20:1;O2,303.23306
/resources/tools/chemdb_ontology?abbrev=TG 57:10,303.23306
/resources/tools/chemdb_ontology?abbrev=FA 18:2;O3,327.21772
/resources/tools/chemdb_ontology?abbrev=FA 17:2;O,327.21772
/resources/tools/chemdb_ontology?abbrev=FA 16:2;O,327.21772
/resources/tools/chemdb_ontology?abbrev=FA 18:2;O2,311.22303
/resources/tools/chemdb_ontology?abbrev=FA 17:2,311.22303
/resources/tools/chemdb_ontology?abbrev=SFE 17:2,311.22303
/resources/tools/chemdb_ontology?abbrev=WE 17:2,311.22303
/resources/tools/chemdb_ontology?abbrev=FA 16:2,311.22303
/resources/tools/chemdb_ontology?abbrev=SFE 16:2,311.22303
/resources/tools/chemdb_ontology?abbrev=WE 16:2,311.22303
/resources/tools/chemdb_ontology?abbrev=FA 16:0;O,271.22795
/resources/tools/chemdb_ontology?abbrev=FA 22:4;O,347.25923
/resources/tools/chemdb_ontology?abbrev=ST 22:1;O3,347.25923
/resources/tools/chemdb_ontology?abbrev=ST 21:1;O,347.25923
/resources/tools/chemdb_ontology?abbrev=ST 20:4;O2,297.18611
/resources/tools/chemdb_ontology?abbrev=FA 16:0;O,271.22786
/resources/tools/chemdb_ontology?abbrev=FA 22:5;O2,361.23860
/resources/tools/chemdb_ontology?abbrev=FA 21:5,361.23860
/resources/tools/chemdb_ontology?abbrev=ST 21:2;O2,361.23860
/resources/tools/chemdb_ontology?abbrev=FA 20:5,361.23860
/resources/tools/chemdb_ontology?abbrev=ST 20:2;O2,361.23860
/resources/tools/chemdb_ontology?abbrev=FA 20:2;O,323.25918
/resources/tools/chemdb_ontology?abbrev=FA 22:7,361.19438
